BG11666	NT03BC1953	SimpleHitPassed
BG11666	NT02BT4279	SimpleHitPassed
BG11666	BG11666	SimpleHitFailed
BG11666	NT05BA4366	SimpleHitPassed
BG11666	NT03BL2857	SimpleHitPassed
BG11666	BAKB4563	SimpleHitPassed
BG11666	BAAU4413	SimpleHitPassed
BG11666	NT01GK2726	SimpleHitPassed
BG11666	BCE33L4033	SimpleHitPassed
BG11666	BACN4542	SimpleHitPassed
BG11666	Bmo1156	SimpleHitPassed
BG11666	GBAA4507	SimpleHitPassed
BG11666	BAVO4567	SimpleHitPassed
BG11666	BA_4507	SimpleHitPassed
BG11666	BAWN4424	SimpleHitPassed
BG11666	BH1387	SimpleHitPassed
BG11666	BCE_4363	SimpleHitPassed
BG11666	OB1937	SimpleHitPassed
BG11666	BC_4281	SimpleHitPassed
BG13104	BG13104	SimpleHitFailed
BG13104	BAVO5074	SimpleHitPassed
BG13104	BAAU4923	SimpleHitPassed
BG13104	BCE_4929	SimpleHitPassed
BG13104	NT01GK1114	SimpleHitFailed
BG13104	LMOf6854_2173	SimpleHitPassed
BG13104	DVU_0642	SimpleHitFailed
BG13104	SACOL0671	SimpleHitFailed
BG13104	OB1264	SimpleHitFailed
BG13104	BA_5030	SimpleHitPassed
BG13104	NT03CD3220	SimpleHitPassed
BG13104	NT05BA4861	SimpleHitPassed
BG13104	Bmo1973	SimpleHitPassed
BG13104	GBAA5030	SimpleHitPassed
BG13104	BAKB5078	SimpleHitPassed
BG13104	NT01DH4478	SimpleHitFailed
BG13104	BACN5049	SimpleHitPassed
BG13104	NT01EC0423	SimpleHitPassed
BG13104	NT01DH4262	SimpleHitFailed
BG13104	OB0925	SimpleHitFailed
BG13104	NT02BT4777	SimpleHitPassed
BG13104	BCE33L4530	SimpleHitPassed
BG13104	BAWN4935	SimpleHitPassed
BG13104	NT01DP1649	SimpleHitFailed
BG13104	NT01CA2951	SimpleHitPassed
BG13104	NT02CT1188	SimpleHitPassed
BG13104	NT03BL2355	SimpleHitPassed
BG13104	OB0990	SimpleHitFailed
BG13104	BC_4774	SimpleHitPassed
BG13180	Bmo2095	SimpleHitPassed
BG13180	BG13180	SimpleHitFailed
BG13000	NT03BL1125	SimpleHitPassed
BG13000	BC_0886	SimpleHitPassed
BG13000	BAKB1012	SimpleHitPassed
BG13000	BG13000	SimpleHitFailed
BG13000	Bmo1879	SimpleHitPassed
BG13000	NT01DP0910	SimpleHitFailed
BG13000	BH1151	SimpleHitPassed
BG13000	BAAU0880	SimpleHitPassed
BG13000	GBAA0870	SimpleHitPassed
BG13000	BACN1009	SimpleHitPassed
BG13000	NT03BC1743	SimpleHitPassed
BG13000	BCE_0960	SimpleHitPassed
BG13000	NT05BA0948	SimpleHitPassed
BG13000	BCE33L0775	SimpleHitPassed
BG13000	BAVO1042	SimpleHitPassed
BG13000	NT02BT0910	SimpleHitPassed
BG13000	BA_0870	SimpleHitPassed
BG13000	NT01GK0736	SimpleHitPassed
BG13000	BAWN0897	SimpleHitPassed
BG10946	BAWN4106	SimpleHitPassed
BG10946	GBAA4173	SimpleHitPassed
BG10946	Bmo66	SimpleHitPassed
BG10946	BG10946	SimpleHitFailed
BG10946	NT01GK3201	SimpleHitPassed
BG10946	BC_3963	SimpleHitPassed
BG10946	BAAU4095	SimpleHitPassed
BG10946	BACN4222	SimpleHitPassed
BG10946	NT03BC2509	SimpleHitPassed
BG10946	BH3970	SimpleHitPassed
BG10946	NT03BL3496	SimpleHitPassed
BG10946	BA_4173	SimpleHitPassed
BG10946	BAVO4247	SimpleHitPassed
BG10946	BCE33L3723	SimpleHitPassed
BG10946	NT05BA4050	SimpleHitPassed
BG10946	BAKB4242	SimpleHitPassed
BG10946	NT02BT3948	SimpleHitPassed
BG10022	BG10022	SimpleHitFailed
BG10022	CPR_1593	SimpleHitPassed
BG10022	NT01GK3357	SimpleHitFailed
BG10022	NT01CA3725	SimpleHitPassed
BG10022	CPR_2589	SimpleHitFailed
BG10022	OB2306	SimpleHitPassed
BG10022	NT03CD4025	SimpleHitFailed
BG10022	NT02CT0966	SimpleHitPassed
BG10494	BC_3770	SimpleHitPassed
BG10494	BG10494	SimpleHitFailed
BG10494	BCE_3804	SimpleHitPassed
BG10494	BACN3959	SimpleHitPassed
BG10494	NT03BC2506	SimpleHitPassed
BG10494	Bmo3297	SimpleHitPassed
BG10494	NT05BA3789	SimpleHitPassed
BG10494	BH2370	SimpleHitPassed
BG10494	BCE33L3529	SimpleHitPassed
BG10494	BAVO3979	SimpleHitPassed
BG10494	NT02BT3754	SimpleHitPassed
BG10494	BA_3906	SimpleHitPassed
BG10494	BAAU3829	SimpleHitPassed
BG10494	NT01GK1452	SimpleHitPassed
BG10494	OB1630	SimpleHitPassed
BG10494	BAWN3842	SimpleHitPassed
BG10494	NT03BL2026	SimpleHitPassed
BG10494	GBAA3906	SimpleHitPassed
BG10494	BAKB3981	SimpleHitPassed
BG11382	NA	SimpleHitPassed
BG12181	NT01GK2289	SimpleHitPassed
BG12181	NT03MT0069	SimpleHitPassed
BG12181	BG12181	SimpleHitFailed
BG12181	NT03BL2053	SimpleHitPassed
BG12181	Bmo1338	SimpleHitPassed
BG12181	OB0024	SimpleHitFailed
BG12181	NT01DH5672	SimpleHitPassed
BG12335	NA	SimpleHitPassed
BG12251	NT03MT0973	SimpleHitPassed
BG12251	NT03BL1720	SimpleHitPassed
BG12251	SACOL0742	SimpleHitPassed
BG12251	NT01DH2555	SimpleHitPassed
BG12251	NT01DS0863	SimpleHitFailed
BG12251	NT01DPA0048	SimpleHitPassed
BG12251	BG12251	SimpleHitFailed
BG12251	Bmo2321	SimpleHitPassed
BG10498	NT02BT1268	SimpleHitFailed
BG10498	NT03BL1345	SimpleHitPassed
BG10498	BG10498	SimpleHitFailed
BG13097	BG13097	SimpleHitFailed
BG13097	Bmo1958	SimpleHitPassed
BG10490	NT03BC3017	SimpleHitPassed
BG10490	NT01EC3641	SimpleHitFailed
BG10490	NT03BL0713	SimpleHitPassed
BG10490	NT01EC0145	SimpleHitPassed
BG10490	Bmo15	SimpleHitPassed
BG10490	OB1346	SimpleHitPassed
BG10490	DVU_2661	SimpleHitPassed
BG10490	BG10490	SimpleHitFailed
BG13484	NT03BL3468	SimpleHitPassed
BG13484	BCE33L1568	SimpleHitFailed
BG13484	NT02BT1736	SimpleHitFailed
BG13484	BC_1031	SimpleHitPassed
BG13484	Bmo252	SimpleHitFailed
BG13484	NT03BC0960	SimpleHitPassed
BG13484	DVU_0632	SimpleHitFailed
BG13484	BG13484	SimpleHitFailed
BG13288	NT03BC4002	SimpleHitPassed
BG13288	BG13288	SimpleHitFailed
BG13288	OB2911	SimpleHitFailed
BG13288	NT03MT0109	SimpleHitPassed
BG13288	NT02CT1237	SimpleHitFailed
BG13288	NT02BT0800	SimpleHitFailed
BG13288	NT01EC2421	SimpleHitFailed
BG13288	NT01GK3611	SimpleHitPassed
BG13288	NT01DH0172	SimpleHitPassed
BG13288	NT01EC2035	SimpleHitPassed
BG13288	NT03BL1698	SimpleHitPassed
BG13288	BH0811	SimpleHitPassed
BG10496	NT03BL1349	SimpleHitPassed
BG10496	BG10496	SimpleHitFailed
BG10496	Bmo2056	SimpleHitPassed
BG12231	CPR_0404	SimpleHitFailed
BG12231	BG12231	SimpleHitFailed
BG12231	BCE_0479	SimpleHitPassed
BG12231	BC_0412	SimpleHitPassed
BG13356	BAVO4220	SimpleHitPassed
BG13356	BH2601	SimpleHitPassed
BG13356	BAWN4079	SimpleHitPassed
BG13356	BG13356	SimpleHitFailed
BG13356	BAKB4215	SimpleHitPassed
BG13356	NT01GK1220	SimpleHitPassed
BG13356	BCE33L3696	SimpleHitPassed
BG13356	BACN4195	SimpleHitPassed
BG13356	NT03BC2710	SimpleHitPassed
BG13356	BC_3936	SimpleHitPassed
BG13356	BA_4146	SimpleHitPassed
BG13356	BCE_3983	SimpleHitPassed
BG13356	BAAU4068	SimpleHitPassed
BG13356	NT05BA4023	SimpleHitPassed
BG13356	NT02BT3919	SimpleHitPassed
BG13356	Bmo2388	SimpleHitPassed
BG13356	OB1446	SimpleHitPassed
BG13356	NT03BL1804	SimpleHitPassed
BG13356	GBAA4146	SimpleHitPassed
BG11609	BA_1626	SimpleHitPassed
BG11609	BAWN1628	SimpleHitPassed
BG11609	GBAA1626	SimpleHitPassed
BG11609	BACN1741	SimpleHitPassed
BG11609	NT01GK1504	SimpleHitPassed
BG11609	BG11609	SimpleHitFailed
BG11609	BAKB1742	SimpleHitPassed
BG11609	NT05BA1641	SimpleHitPassed
BG11609	OB2249	SimpleHitPassed
BG11609	NT02BT1636	SimpleHitPassed
BG11609	NT03BL2472	SimpleHitPassed
BG11609	BAAU1608	SimpleHitPassed
BG11609	BC_1600	SimpleHitPassed
BG11609	BCE33L1472	SimpleHitPassed
BG11609	BCE_1717	SimpleHitPassed
BG11609	Bmo2921	SimpleHitPassed
BG11609	BH2282	SimpleHitPassed
BG11609	BAVO1769	SimpleHitPassed
BG11800	NT02CT0870	SimpleHitPassed
BG11800	GBAA0804	SimpleHitPassed
BG11800	BAWN0835	SimpleHitPassed
BG11800	NT05BA0886	SimpleHitPassed
BG11800	BACN0949	SimpleHitPassed
BG11800	NT01CA1492	SimpleHitPassed
BG11800	BG11800	SimpleHitFailed
BG11800	BC_0822	SimpleHitPassed
BG11800	BCE_0896	SimpleHitPassed
BG11800	BCE33L0702	SimpleHitPassed
BG11800	CPR_0933	SimpleHitPassed
BG11800	BAVO0982	SimpleHitPassed
BG11800	NT03BL1214	SimpleHitPassed
BG11800	NT03MT1538	SimpleHitPassed
BG11800	BA_0804	SimpleHitPassed
BG11800	NT03CD2655	SimpleHitPassed
BG11800	NT01GK2471	SimpleHitPassed
BG11800	BAKB0951	SimpleHitPassed
BG11800	BAAU0820	SimpleHitPassed
BG11800	NT02BT0850	SimpleHitPassed
BG14052	NT01GK3230	SimpleHitPassed
BG14052	NT03BL3561	SimpleHitPassed
BG14052	BG14052	SimpleHitFailed
BG11195	Bmo2952	SimpleHitPassed
BG11195	BG11195	SimpleHitFailed
BG12424	CPR_0404	SimpleHitPassed
BG12424	BG12424	SimpleHitFailed
BG11187	BAAU0866	SimpleHitPassed
BG11187	NT01DS3796	SimpleHitFailed
BG11187	BAWN0883	SimpleHitPassed
BG11187	NT02CT0544	SimpleHitFailed
BG11187	NT01EC2338	SimpleHitPassed
BG11187	NT03CD1936	SimpleHitFailed
BG11187	NT03BL0429	SimpleHitPassed
BG11187	NT02CT0545	SimpleHitFailed
BG11187	SACOL2412	SimpleHitPassed
BG11187	NT01EC1054	SimpleHitFailed
BG11187	NT02BT0896	SimpleHitPassed
BG11187	BH0170	SimpleHitPassed
BG11187	NT03CD2384	SimpleHitFailed
BG11187	NT03BC3322	SimpleHitFailed
BG11187	LMOf6854_2408	SimpleHitFailed
BG11187	NT01CA3627	SimpleHitPassed
BG11187	DVU_1238	SimpleHitPassed
BG11187	BA_0855	SimpleHitPassed
BG11187	BCE33L0753	SimpleHitPassed
BG11187	BCE_0945	SimpleHitPassed
BG11187	NT01DH3964	SimpleHitFailed
BG11187	NT01DP1821	SimpleHitFailed
BG11187	BAKB0998	SimpleHitPassed
BG11187	Bmo1520	SimpleHitPassed
BG11187	OB0876	SimpleHitFailed
BG11187	OB2733	SimpleHitFailed
BG11187	BAVO1028	SimpleHitPassed
BG11187	NT03MT1244	SimpleHitFailed
BG11187	GBAA0855	SimpleHitPassed
BG11187	BACN0995	SimpleHitPassed
BG11187	NT01DS0162	SimpleHitFailed
BG11187	NT05BA0933	SimpleHitPassed
BG11187	BG11187	SimpleHitFailed
BG11187	NT01DP1165	SimpleHitFailed
BG11187	NT03CD2381	SimpleHitFailed
BG11187	BC_0872	SimpleHitPassed
BG11187	DVU_0107	SimpleHitFailed
BG10493	OB1024	SimpleHitPassed
BG10493	BCE33L1438	SimpleHitPassed
BG10493	NT02BT1591	SimpleHitPassed
BG10493	BAVO1717	SimpleHitPassed
BG10493	Bmo2896	SimpleHitPassed
BG10493	BAAU1557	SimpleHitPassed
BG10493	NT03BL2496	SimpleHitPassed
BG10493	BA_1581	SimpleHitPassed
BG10493	BAWN1576	SimpleHitPassed
BG10493	BACN1687	SimpleHitPassed
BG10493	NT05BA1595	SimpleHitPassed
BG10493	BC_1560	SimpleHitPassed
BG10493	NT01GK1712	SimpleHitPassed
BG10493	BH1767	SimpleHitPassed
BG10493	NT03BC2311	SimpleHitPassed
BG10493	BCE_1687	SimpleHitPassed
BG10493	GBAA1581	SimpleHitPassed
BG10493	NT03BC3633	SimpleHitFailed
BG10493	BG10493	SimpleHitFailed
BG10493	BAKB1688	SimpleHitPassed
BG10493	NT03BL2357	SimpleHitFailed
BG13781	BCE_4512	SimpleHitPassed
BG13781	Bmo2673	SimpleHitPassed
BG13781	OB2040	SimpleHitPassed
BG13781	NT02BT4420	SimpleHitPassed
BG13781	NT03BC1781	SimpleHitPassed
BG13781	BACN4688	SimpleHitPassed
BG13781	GBAA4659	SimpleHitPassed
BG13781	SACOL0723	SimpleHitFailed
BG13781	NT01DH1355	SimpleHitPassed
BG13781	LMOf6854_2808	SimpleHitFailed
BG13781	NT03MT1405	SimpleHitFailed
BG13781	NT05BA4511	SimpleHitPassed
BG13781	BAAU4561	SimpleHitPassed
BG13781	NT03BL3093	SimpleHitPassed
BG13781	BAVO4714	SimpleHitPassed
BG13781	NT01GK2856	SimpleHitPassed
BG13781	BA_4659	SimpleHitPassed
BG13781	BC_4420	SimpleHitPassed
BG13781	BCE33L4172	SimpleHitPassed
BG13781	BG13781	SimpleHitFailed
BG13781	BAKB4712	SimpleHitPassed
BG13781	BAWN4573	SimpleHitPassed
BG13781	BH1221	SimpleHitPassed
BG10495	NA	SimpleHitPassed
BG11194	BCE_3202	SimpleHitPassed
BG11194	NT03BL0903	SimpleHitFailed
BG11194	NT02BT3171	SimpleHitPassed
BG11194	Bmo2950	SimpleHitPassed
BG11194	NT01CA2400	SimpleHitFailed
BG11194	BH2839	SimpleHitPassed
BG11194	BCE33L2891	SimpleHitPassed
BG11194	BG11194	SimpleHitFailed
BG10500	BCE_2907	SimpleHitPassed
BG10500	BC_2872	SimpleHitPassed
BG10500	BH2192	SimpleHitPassed
BG10500	OB0575	SimpleHitPassed
BG10500	Bmo2054	SimpleHitPassed
BG10500	NT03BL1346	SimpleHitPassed
BG10500	OB0574	SimpleHitFailed
BG10500	BG10500	SimpleHitFailed
BG10500	BCE33L2603	SimpleHitPassed
BG10500	NT03BC2859	SimpleHitPassed
BG14044	NT01CA3190	SimpleHitFailed
BG14044	BH3423	SimpleHitPassed
BG14044	BAAU5078	SimpleHitPassed
BG14044	NT03BL3617	SimpleHitPassed
BG14044	NT01CA3192	SimpleHitFailed
BG14044	BCE33L4680	SimpleHitPassed
BG14044	BAVO5228	SimpleHitPassed
BG14044	NT01GK3267	SimpleHitPassed
BG14044	NT02BT4949	SimpleHitPassed
BG14044	NT01CA3187	SimpleHitFailed
BG14044	BCE_5088	SimpleHitPassed
BG14044	NT03BC3335	SimpleHitPassed
BG14044	NT02CT0247	SimpleHitFailed
BG14044	GBAA5188	SimpleHitPassed
BG14044	BA_5188	SimpleHitPassed
BG14044	BAKB5230	SimpleHitPassed
BG14044	BACN5200	SimpleHitPassed
BG14044	BAWN5090	SimpleHitPassed
BG14044	BG14044	SimpleHitFailed
BG14044	NT05BA5036	SimpleHitPassed
BG14044	OB2358	SimpleHitPassed
BG14044	BC_4954	SimpleHitPassed
BG10106	NT03CD3974	SimpleHitFailed
BG10106	NT03CD3975	SimpleHitPassed
BG10106	BAAU0062	SimpleHitPassed
BG10106	CPR_2191	SimpleHitPassed
BG10106	BAVO0219	SimpleHitPassed
BG10106	Bmo2616	SimpleHitPassed
BG10106	BH0058	SimpleHitPassed
BG10106	NT03BL0059	SimpleHitPassed
BG10106	NT03BC0085	SimpleHitPassed
BG10106	NT01DH0171	SimpleHitPassed
BG10106	BC_0047	SimpleHitPassed
BG10106	NT05BA0052	SimpleHitPassed
BG10106	BAWN0072	SimpleHitPassed
BG10106	GBAA0040	SimpleHitPassed
BG10106	BA_0040	SimpleHitPassed
BG10106	BCE33L0038	SimpleHitPassed
BG10106	BACN0206	SimpleHitPassed
BG10106	OB0051	SimpleHitPassed
BG10106	NT02CT0258	SimpleHitPassed
BG10106	BG10106	SimpleHitFailed
BG10106	NT01GK0048	SimpleHitPassed
BG10106	NT03MT0061	SimpleHitPassed
BG10106	NT02BT0050	SimpleHitPassed
BG10106	NT01CA3186	SimpleHitPassed
BG10106	BCE_0040	SimpleHitPassed
BG10106	BAKB0195	SimpleHitPassed
BG11196	NT02BT3514	SimpleHitFailed
BG11196	BH3373	SimpleHitPassed
BG11196	Bmo2953	SimpleHitPassed
BG11196	BG11196	SimpleHitFailed
BG11196	NT01CA2581	SimpleHitPassed
BG11017	NA	SimpleHitPassed
BG13036	BG13036	SimpleHitFailed
BG13036	GBAA0860	SimpleHitPassed
BG13036	BAAU0870	SimpleHitPassed
BG13036	OB2914	SimpleHitFailed
BG13036	BAKB1002	SimpleHitPassed
BG13036	NT05BA0938	SimpleHitPassed
BG13036	OB2913	SimpleHitPassed
BG13036	BAWN0887	SimpleHitPassed
BG13036	BCE33L0758	SimpleHitPassed
BG13036	BA_0860	SimpleHitPassed
BG13036	BH1146	SimpleHitPassed
BG13036	NT02BT0901	SimpleHitPassed
BG13036	BCE_0950	SimpleHitPassed
BG13036	NT03BL1120	SimpleHitPassed
BG13036	NT01GK0730	SimpleHitPassed
BG13036	BACN0999	SimpleHitPassed
BG13036	BC_0877	SimpleHitPassed
BG13036	BAVO1032	SimpleHitPassed
BG13036	Bmo1873	SimpleHitPassed
BG11197	BG11197	SimpleHitFailed
BG11197	NT01DH3364	SimpleHitFailed
BG11197	NT03BL2432	SimpleHitPassed
BG11197	NT01CA3551	SimpleHitPassed
BG11197	Bmo2955	SimpleHitPassed
BG11197	SACOL2274	SimpleHitFailed
BG10776	BG10776	SimpleHitFailed
BG10776	BH2501	SimpleHitPassed
BG11801	NT03BC1364	SimpleHitFailed
BG11801	NT01CA1493	SimpleHitPassed
BG11801	BG11801	SimpleHitFailed
BG11801	BAVO0981	SimpleHitPassed
BG11801	NT01GK2472	SimpleHitPassed
BG11801	NT01DH4722	SimpleHitFailed
BG11801	NT02CT0869	SimpleHitPassed
BG11801	BAKB0950	SimpleHitPassed
BG11801	BAAU0819	SimpleHitPassed
BG11801	NT03BL1215	SimpleHitPassed
BG11801	OB1666	SimpleHitFailed
BG11801	BAWN0834	SimpleHitPassed
BG11801	OB1667	SimpleHitFailed
BG11801	BCE_0895	SimpleHitPassed
BG11801	BCE33L0701	SimpleHitPassed
BG11801	NT03CD0611	SimpleHitPassed
BG11801	NT05BA0885	SimpleHitPassed
BG11801	BC_0821	SimpleHitPassed
BG11801	BACN0948	SimpleHitPassed
BG11801	NT03MT1539	SimpleHitPassed
BG11801	CPR_0934	SimpleHitPassed
BG11801	BA_0803	SimpleHitPassed
BG11801	NT02BT0849	SimpleHitPassed
BG11801	GBAA0803	SimpleHitPassed
BG11193	BG11193	SimpleHitFailed
BG11193	Bmo2951	SimpleHitPassed
BG11791	NT05BA2042	SimpleHitPassed
BG11791	BAVO2185	SimpleHitPassed
BG11791	BACN2156	SimpleHitPassed
BG11791	GBAA2046	SimpleHitPassed
BG11791	BG11791	SimpleHitFailed
BG11791	BAAU2023	SimpleHitPassed
BG11791	NT03BL1235	SimpleHitPassed
BG11791	BC_2031	SimpleHitPassed
BG11791	BA_2046	SimpleHitPassed
BG11791	BAWN2044	SimpleHitPassed
BG11791	NT03CD1016	SimpleHitPassed
BG11791	BCE33L1852	SimpleHitPassed
BG11791	BCE_2115	SimpleHitPassed
BG11791	BAKB2159	SimpleHitPassed
BG11791	OB2511	SimpleHitPassed
BG11791	NT02BT2030	SimpleHitPassed
BG10275	NT01DH2675	SimpleHitPassed
BG10275	NT03BL2566	SimpleHitPassed
BG10275	NT03BC2159	SimpleHitPassed
BG10275	NT01CA1897	SimpleHitPassed
BG10275	NT02CT1170	SimpleHitPassed
BG10275	GBAA1530	SimpleHitPassed
BG10275	BG10275	SimpleHitFailed
BG10275	NT03MT1460	SimpleHitPassed
BG10275	NT05BA1547	SimpleHitPassed
BG10275	CPR_1724	SimpleHitPassed
BG10275	BAVO1669	SimpleHitPassed
BG10275	Bmo2839	SimpleHitPassed
BG10275	BAWN1528	SimpleHitPassed
BG10275	BCE33L1391	SimpleHitPassed
BG10275	OB1793	SimpleHitPassed
BG10275	BH1645	SimpleHitPassed
BG10275	NT03CD2932	SimpleHitPassed
BG10275	BA_1530	SimpleHitPassed
BG10275	BCE_1636	SimpleHitPassed
BG10275	BACN1638	SimpleHitPassed
BG10275	NT01GK2448	SimpleHitPassed
BG10275	BAAU1509	SimpleHitPassed
BG10275	BAKB1638	SimpleHitPassed
BG10275	NT02BT1543	SimpleHitPassed
BG10275	BC_1509	SimpleHitPassed
BG11881	BC_3534	SimpleHitPassed
BG11881	NT05BA3495	SimpleHitPassed
BG11881	BCE_3549	SimpleHitPassed
BG11881	BCE33L3244	SimpleHitPassed
BG11881	BG11881	SimpleHitFailed
BG11881	GBAA3589	SimpleHitPassed
BG11881	NT02BT3522	SimpleHitPassed
BG11881	BAVO3670	SimpleHitPassed
BG11881	BA_3589	SimpleHitPassed
BG11881	BACN3647	SimpleHitPassed
BG11881	BAAU3519	SimpleHitPassed
BG11881	BAKB3666	SimpleHitPassed
BG11881	BAWN3531	SimpleHitPassed
BG13153	NT05BA1263	SimpleHitPassed
BG13153	NT02BT1267	SimpleHitPassed
BG13153	BAVO1374	SimpleHitPassed
BG13153	BAAU1213	SimpleHitPassed
BG13153	BA_1233	SimpleHitPassed
BG13153	OB1225	SimpleHitPassed
BG13153	BG13153	SimpleHitFailed
BG13153	Bmo2053	SimpleHitPassed
BG13153	BCE33L1114	SimpleHitPassed
BG13153	BCE_1340	SimpleHitPassed
BG13153	NT03BL1342	SimpleHitPassed
BG13153	BAWN1230	SimpleHitPassed
BG13153	BAKB1341	SimpleHitPassed
BG13153	GBAA1233	SimpleHitPassed
BG13153	BC_1217	SimpleHitPassed
BG13153	BACN1341	SimpleHitPassed
BG13153	NT01GK0947	SimpleHitPassed
BG12236	NT01EC5096	SimpleHitPassed
BG12236	NT01DP1189	SimpleHitFailed
BG12236	LMOf6854_0981	SimpleHitPassed
BG12236	BA_0545	SimpleHitPassed
BG12236	BAVO0722	SimpleHitPassed
BG12236	BAWN0577	SimpleHitPassed
BG12236	BG12236	SimpleHitFailed
BG12236	NT03BC1682	SimpleHitPassed
BG12236	CPR_1320	SimpleHitPassed
BG12236	BCE33L0453	SimpleHitPassed
BG12236	NT05BA0605	SimpleHitPassed
BG12236	BC_0544	SimpleHitPassed
BG12236	NT03CD0556	SimpleHitPassed
BG12236	NT02CT0334	SimpleHitPassed
BG12236	NT01CAA0079	SimpleHitPassed
BG12236	BCE_0600	SimpleHitPassed
BG12236	OB1085	SimpleHitPassed
BG12236	NT01DH1514	SimpleHitPassed
BG12236	NT03MT0568	SimpleHitPassed
BG12236	BH1020	SimpleHitPassed
BG12236	NT03BL1006	SimpleHitPassed
BG12236	GBAA0545	SimpleHitPassed
BG12236	BAAU0561	SimpleHitPassed
BG12236	SACOL1914	SimpleHitPassed
BG12236	BAKB0691	SimpleHitPassed
BG12236	BACN0692	SimpleHitPassed
BG12236	NT02BT0565	SimpleHitPassed
BG12236	NT01GK0586	SimpleHitPassed
BG12236	Bmo1794	SimpleHitPassed
BG11799	BAKB0952	SimpleHitPassed
BG11799	BCE33L0703	SimpleHitPassed
BG11799	GBAA0805	SimpleHitPassed
BG11799	BC_0823	SimpleHitPassed
BG11799	NT05BA0887	SimpleHitPassed
BG11799	NT02BT0851	SimpleHitPassed
BG11799	BAWN0836	SimpleHitPassed
BG11799	BG11799	SimpleHitFailed
BG11799	BA_0805	SimpleHitPassed
BG11799	NT01GK2470	SimpleHitPassed
BG11799	NT03BL1213	SimpleHitPassed
BG11799	BAAU0821	SimpleHitPassed
BG11799	BCE_0897	SimpleHitPassed
BG11799	BACN0950	SimpleHitPassed
BG11799	BAVO0983	SimpleHitPassed
BG13088	Bmo1955	SimpleHitPassed
BG13088	BA_2360	SimpleHitPassed
BG13088	BAVO2497	SimpleHitPassed
BG13088	BC_2296	SimpleHitPassed
BG13088	NT01EC0486	SimpleHitPassed
BG13088	SACOL1382	SimpleHitPassed
BG13088	NT03BL1227	SimpleHitPassed
BG13088	BCE_2391	SimpleHitPassed
BG13088	NT01CA3004	SimpleHitPassed
BG13088	LMOf6854_1702	SimpleHitPassed
BG13088	NT05BA2343	SimpleHitPassed
BG13088	NT02BT2309	SimpleHitPassed
BG13088	BG13088	SimpleHitFailed
BG13088	NT03CD1046	SimpleHitPassed
BG13088	NT01GK0784	SimpleHitPassed
BG13088	BACN2467	SimpleHitPassed
BG13088	NT03MT1061	SimpleHitFailed
BG13088	NT01DH0902	SimpleHitPassed
BG13088	BCE33L2122	SimpleHitPassed
BG13088	BAAU2338	SimpleHitPassed
BG13088	NT01DP0603	SimpleHitPassed
BG13088	CPR_0205	SimpleHitPassed
BG13088	BAWN2355	SimpleHitPassed
BG13088	NT02CT0567	SimpleHitPassed
BG13088	OB2250	SimpleHitPassed
BG13088	GBAA2360	SimpleHitPassed
BG13088	BAKB2471	SimpleHitPassed
BG11380	NA	SimpleHitPassed
BG13506	BC_1925	SimpleHitPassed
BG13506	GBAA1924	SimpleHitPassed
BG13506	Bmo3096	SimpleHitPassed
BG13506	NT02BT1930	SimpleHitPassed
BG13506	OB1296	SimpleHitPassed
BG13506	BCE_2008	SimpleHitPassed
BG13506	SACOL2576	SimpleHitFailed
BG13506	NT01GK1597	SimpleHitFailed
BG13506	BAVO2066	SimpleHitPassed
BG13506	BG13506	SimpleHitFailed
BG13506	NT03BL2037	SimpleHitPassed
BG13506	BACN2038	SimpleHitPassed
BG13506	BA_1924	SimpleHitPassed
BG13506	BAKB2040	SimpleHitPassed
BG13506	BAWN1924	SimpleHitPassed
BG13506	BAAU1903	SimpleHitPassed
BG13506	NT05BA1929	SimpleHitPassed
BG13506	NT01DP2816	SimpleHitFailed
BG13506	BCE33L1742	SimpleHitPassed
BG12423	NT03CD2372	SimpleHitPassed
BG12423	BG12423	SimpleHitFailed
BG13084	NT02CT0407	SimpleHitFailed
BG13084	BAKB3206	SimpleHitPassed
BG13084	NT02BT3073	SimpleHitPassed
BG13084	NT03BC0223	SimpleHitPassed
BG13084	BA_3113	SimpleHitPassed
BG13084	NT01CA3288	SimpleHitFailed
BG13084	BH1034	SimpleHitPassed
BG13084	NT03BL1221	SimpleHitFailed
BG13084	BACN3193	SimpleHitPassed
BG13084	Bmo1951	SimpleHitPassed
BG13084	GBAA3113	SimpleHitPassed
BG13084	BCE_3134	SimpleHitPassed
BG13084	BG13084	SimpleHitFailed
BG13084	BAVO3219	SimpleHitPassed
BG13084	NT02CT1415	SimpleHitPassed
BG13084	BAAU3068	SimpleHitPassed
BG13084	NT05BA3054	SimpleHitPassed
BG13084	NT03BL1569	SimpleHitPassed
BG13084	BC_3081	SimpleHitPassed
BG13084	BAWN3078	SimpleHitPassed
BG10491	BACN0505	SimpleHitPassed
BG10491	BAAU0375	SimpleHitPassed
BG10491	BAKB0490	SimpleHitPassed
BG10491	NT05BA0398	SimpleHitPassed
BG10491	BG10491	SimpleHitFailed
BG10491	NT01GK1894	SimpleHitPassed
BG10491	BAVO0535	SimpleHitPassed
BG10491	BC_0390	SimpleHitPassed
BG10491	BCE33L0328	SimpleHitPassed
BG10491	BAWN0389	SimpleHitPassed
BG10491	NT02BT0408	SimpleHitPassed
BG13821	NT01CA3187	SimpleHitPassed
BG13821	CPR_2192	SimpleHitPassed
BG13821	NT02CT0247	SimpleHitPassed
BG13821	BG13821	SimpleHitFailed
BG13821	OB2296	SimpleHitFailed
BG13821	LMOf6854_1669	SimpleHitFailed
BG12167	NA	SimpleHitPassed
BG14013	BAVO5259	SimpleHitPassed
BG14013	BAAU5109	SimpleHitPassed
BG14013	BA_5219	SimpleHitPassed
BG14013	BCE33L4708	SimpleHitPassed
BG14013	NT03BL3661	SimpleHitPassed
BG14013	BAWN5121	SimpleHitPassed
BG14013	NT05BA5067	SimpleHitPassed
BG14013	BAKB5260	SimpleHitPassed
BG14013	BACN5230	SimpleHitPassed
BG14013	GBAA5219	SimpleHitPassed
BG14013	BG14013	SimpleHitFailed
BG14013	NT02BT4982	SimpleHitPassed
BG14013	BCE_5122	SimpleHitPassed
BG14013	BC_4984	SimpleHitPassed
BG13318	NT01CA2400	SimpleHitPassed
BG13318	BG13318	SimpleHitFailed
BG13822	GBAA3179	SimpleHitPassed
BG13822	BACN3257	SimpleHitPassed
BG13822	BAWN3145	SimpleHitPassed
BG13822	BAKB3269	SimpleHitPassed
BG13822	NT03CD2712	SimpleHitFailed
BG13822	NT01CA0284	SimpleHitPassed
BG13822	NT05BA3119	SimpleHitPassed
BG13822	BAVO3284	SimpleHitPassed
BG13822	NT02BT3151	SimpleHitPassed
BG13822	BAAU3134	SimpleHitPassed
BG13822	BG13822	SimpleHitFailed
BG13822	BA_3179	SimpleHitPassed
BG13822	BCE_3183	SimpleHitPassed
BG13822	CPR_1952	SimpleHitPassed
BG13822	NT03BL3511	SimpleHitPassed
BG13822	BC_3136	SimpleHitPassed
BG10492	NA	SimpleHitPassed
BG11381	OB2890	SimpleHitPassed
BG11381	BG11381	SimpleHitFailed
BG11381	NT01GK0948	SimpleHitFailed
BG11381	BH2305	SimpleHitPassed
BG11811	BAWN0578	SimpleHitPassed
BG11811	GBAA0546	SimpleHitPassed
BG11811	CPR_1397	SimpleHitPassed
BG11811	NT01CA3621	SimpleHitFailed
BG11811	NT02CT1571	SimpleHitFailed
BG11811	NT03BC1685	SimpleHitPassed
BG11811	NT01CA2953	SimpleHitPassed
BG11811	BAAU0562	SimpleHitPassed
BG11811	NT02BT0566	SimpleHitPassed
BG11811	NT03MT2056	SimpleHitFailed
BG11811	NT01DH2991	SimpleHitFailed
BG11811	NT03BL1007	SimpleHitPassed
BG11811	BH1022	SimpleHitPassed
BG11811	BA_0546	SimpleHitPassed
BG11811	BC_0545	SimpleHitPassed
BG11811	NT02CT1396	SimpleHitFailed
BG11811	BG11811	SimpleHitFailed
BG11811	NT03CD1394	SimpleHitPassed
BG11811	BCE33L0454	SimpleHitPassed
BG11811	BAVO0723	SimpleHitPassed
BG11811	Bmo1795	SimpleHitPassed
BG11811	BACN0693	SimpleHitPassed
BG11811	OB1086	SimpleHitPassed
BG11811	BAKB0692	SimpleHitPassed
BG11811	NT05BA0606	SimpleHitPassed
BG11811	NT01GK0587	SimpleHitPassed
BG11811	BCE_0601	SimpleHitPassed
BG11172	OB3024	SimpleHitPassed
BG11172	GBAA5640	SimpleHitPassed
BG11172	BA_5640	SimpleHitPassed
BG11172	BCE_5519	SimpleHitPassed
BG11172	BAAU5553	SimpleHitFailed
BG11172	NT03BC4429	SimpleHitPassed
BG11172	BH3826	SimpleHitPassed
BG11172	NT03BL0347	SimpleHitPassed
BG11172	BAWN5558	SimpleHitFailed
BG11172	BAVO0076	SimpleHitFailed
BG11172	NT02BT5377	SimpleHitPassed
BG11172	BACN0064	SimpleHitFailed
BG11172	BG11172	SimpleHitFailed
BG11172	NT01GK3752	SimpleHitPassed
BG11172	BCE33L5088	SimpleHitPassed
BG11172	BAKB0052	SimpleHitFailed
BG11172	BC_5390	SimpleHitPassed
BG11172	NT05BA5468	SimpleHitPassed
BG10347	NT01CA3190	SimpleHitFailed
BG10347	BCE_4550	SimpleHitPassed
BG10347	CPR_2194	SimpleHitFailed
BG10347	NT02CT0245	SimpleHitFailed
BG10347	BACN4720	SimpleHitPassed
BG10347	BAVO4745	SimpleHitPassed
BG10347	NT01GK2903	SimpleHitPassed
BG10347	Bmo2699	SimpleHitPassed
BG10347	BA_4691	SimpleHitPassed
BG10347	NT01CA2039	SimpleHitFailed
BG10347	NT03BC2987	SimpleHitPassed
BG10347	CPR_2196	SimpleHitFailed
BG10347	NT01CA1443	SimpleHitFailed
BG10347	BAKB4747	SimpleHitPassed
BG10347	NT02CT0247	SimpleHitFailed
BG10347	BC_4466	SimpleHitPassed
BG10347	BAWN4605	SimpleHitPassed
BG10347	BH3040	SimpleHitPassed
BG10347	BG10347	SimpleHitFailed
BG10347	NT05BA4542	SimpleHitPassed
BG10347	BCE33L4203	SimpleHitPassed
BG10347	OB2063	SimpleHitPassed
BG10347	GBAA4691	SimpleHitPassed
BG10347	NT03BL3124	SimpleHitPassed
BG10347	NT02CT0243	SimpleHitFailed
BG10347	NT02BT4451	SimpleHitPassed
BG10347	BAAU4593	SimpleHitPassed
BG10012	BCE33L2830	SimpleHitPassed
BG10012	BA_3121	SimpleHitPassed
BG10012	BACN3200	SimpleHitPassed
BG10012	OB3198	SimpleHitFailed
BG10012	NT01GK0259	SimpleHitPassed
BG10012	NT02BT3082	SimpleHitPassed
BG10012	GBAA3121	SimpleHitPassed
BG10012	BAAU3075	SimpleHitPassed
BG10012	NT01CA0684	SimpleHitFailed
BG10012	NT02CT0321	SimpleHitFailed
BG10012	BAVO3226	SimpleHitPassed
BG10012	NT03BL4618	SimpleHitPassed
BG10012	BG10012	SimpleHitFailed
BG10012	NT05BA3061	SimpleHitPassed
BG10012	Bmo1781	SimpleHitFailed
BG10012	BAKB3213	SimpleHitPassed
BG10012	NT03MT2262	SimpleHitFailed
BG10012	BAWN3085	SimpleHitPassed
BG11448	NT01GK2389	SimpleHitPassed
BG11448	BC_1559	SimpleHitPassed
BG11448	NT03BL2502	SimpleHitPassed
BG11448	BAWN1575	SimpleHitPassed
BG11448	BCE33L1437	SimpleHitPassed
BG11448	BAVO1716	SimpleHitPassed
BG11448	BACN1686	SimpleHitPassed
BG11448	GBAA1580	SimpleHitPassed
BG11448	BAKB1687	SimpleHitPassed
BG11448	BG11448	SimpleHitFailed
BG11448	NT05BA1594	SimpleHitPassed
BG11448	BCE_1686	SimpleHitPassed
BG11448	NT02BT1590	SimpleHitPassed
BG11448	BAAU1556	SimpleHitPassed
BG11448	BA_1580	SimpleHitPassed
BG13035	NT01GK0731	SimpleHitPassed
BG13035	OB2914	SimpleHitPassed
BG13035	OB2913	SimpleHitFailed
BG13035	NT03BL1121	SimpleHitPassed
BG13035	BAVO1033	SimpleHitPassed
BG13035	BAWN0888	SimpleHitPassed
BG13035	GBAA0861	SimpleHitPassed
BG13035	BCE_0951	SimpleHitPassed
BG13035	BAAU0871	SimpleHitPassed
BG13035	NT05BA0939	SimpleHitPassed
BG13035	BC_0878	SimpleHitPassed
BG13035	BA_0861	SimpleHitPassed
BG13035	BAKB1003	SimpleHitPassed
BG13035	Bmo1874	SimpleHitPassed
BG13035	BG13035	SimpleHitFailed
BG13035	NT02BT0902	SimpleHitPassed
BG13035	BCE33L0759	SimpleHitPassed
BG13035	BACN1000	SimpleHitPassed
BG13471	NA	SimpleHitPassed
BG10346	GBAA4692	SimpleHitPassed
BG10346	NT03BL3125	SimpleHitPassed
BG10346	BCE33L4204	SimpleHitPassed
BG10346	BAWN4606	SimpleHitPassed
BG10346	NT01GK2904	SimpleHitPassed
BG10346	BA_4692	SimpleHitPassed
BG10346	NT03BC2990	SimpleHitPassed
BG10346	BC_4467	SimpleHitPassed
BG10346	BCE_4551	SimpleHitPassed
BG10346	BH3042	SimpleHitPassed
BG10346	BAAU4594	SimpleHitPassed
BG10346	NT05BA4543	SimpleHitPassed
BG10346	BAVO4746	SimpleHitPassed
BG10346	BAKB4748	SimpleHitPassed
BG10346	BACN4721	SimpleHitPassed
BG10346	OB2064	SimpleHitPassed
BG10346	BG10346	SimpleHitFailed
BG10346	NT02BT4452	SimpleHitPassed
BG10608	NT01GK3753	SimpleHitPassed
BG10608	BAAU5554	SimpleHitPassed
BG10608	BCE33L5089	SimpleHitPassed
BG10608	NT03BL4247	SimpleHitPassed
BG10608	BCE_5520	SimpleHitPassed
BG10608	GBAA5641	SimpleHitPassed
BG10608	BAWN5559	SimpleHitPassed
BG10608	BAKB0053	SimpleHitPassed
BG10608	BC_5391	SimpleHitPassed
BG10608	BAVO0077	SimpleHitPassed
BG10608	NT05BA5469	SimpleHitPassed
BG10608	BA_5641	SimpleHitPassed
BG10608	NT03BC4431	SimpleHitPassed
BG10608	BH3827	SimpleHitPassed
BG10608	BACN0065	SimpleHitPassed
BG10608	BG10608	SimpleHitFailed
BG10608	OB3025	SimpleHitPassed
BG10608	NT02BT5378	SimpleHitPassed
BG10499	BCE33L1119	SimpleHitFailed
BG10499	BCE_1345	SimpleHitPassed
BG10499	NT02BT1272	SimpleHitPassed
BG10499	NT03BL1343	SimpleHitPassed
BG10499	BG10499	SimpleHitFailed
BG10499	BC_1222	SimpleHitFailed
BG11822	BC_3621	SimpleHitPassed
BG11822	BAKB3754	SimpleHitPassed
BG11822	BACN3734	SimpleHitPassed
BG11822	BAAU3604	SimpleHitPassed
BG11822	NT05BA3579	SimpleHitPassed
BG11822	BCE33L3323	SimpleHitPassed
BG11822	NT02BT3609	SimpleHitPassed
BG11822	GBAA3681	SimpleHitPassed
BG11822	Bmo3184	SimpleHitPassed
BG11822	BAWN3618	SimpleHitPassed
BG11822	NT03BL2146	SimpleHitPassed
BG11822	BA_3681	SimpleHitPassed
BG11822	BAVO3757	SimpleHitPassed
BG11822	BCE_3640	SimpleHitPassed
BG11822	BG11822	SimpleHitFailed
BG12512	NT03BL4304	SimpleHitPassed
BG12512	BG12512	SimpleHitFailed
BG12512	Bmo533	SimpleHitPassed
BG13415	NA	SimpleHitPassed
BG13537	BA_3640	SimpleHitPassed
BG13537	NT02BT3570	SimpleHitPassed
BG13537	BC_3582	SimpleHitPassed
BG13537	BAKB3715	SimpleHitPassed
BG13537	GBAA3640	SimpleHitPassed
BG13537	BAWN3578	SimpleHitPassed
BG13537	BACN3695	SimpleHitPassed
BG13537	NT05BA3542	SimpleHitPassed
BG13537	BCE33L3289	SimpleHitPassed
BG13537	BCE_3599	SimpleHitPassed
BG13537	NT03BC1795	SimpleHitPassed
BG13537	BAVO3717	SimpleHitPassed
BG13537	BAAU3565	SimpleHitPassed
BG13537	BG13537	SimpleHitFailed
BG10497	BCE33L2604	SimpleHitPassed
BG10497	Bmo2055	SimpleHitPassed
BG10497	BC_2873	SimpleHitPassed
BG10497	NT03BL1348	SimpleHitPassed
BG10497	OB0573	SimpleHitPassed
BG10497	BG10497	SimpleHitFailed
